# SPA history fallback for known routes only
/products/*         /index.html   200
/insights/*         /index.html   200
/about              /index.html   200
/contact            /index.html   200
/service-support    /index.html   200
/analytics-test     /index.html   200
/ip-analysis        /index.html   200

# Force canonical host: redirect .us -> .com (path preserved)
https://ninescrolls.us/*   https://ninescrolls.com/:splat   301

# Trailing slash normalization - 301 permanent redirects
/products/*/    /products/:splat    301
/about/         /about              301
/contact/       /contact            301
/analytics-test/ /analytics-test    301
/ip-analysis/   /ip-analysis        301

# Ensure static assets are served directly
/assets/*       /assets/:splat      200
*.js           /:splat             200
*.css          /:splat             200
*.png          /:splat             200
*.jpg          /:splat             200
*.jpeg         /:splat             200
*.gif          /:splat             200
*.svg          /:splat             200
*.ico          /:splat             200
*.woff         /:splat             200
*.woff2        /:splat             200
*.ttf          /:splat             200
*.eot          /:splat             200
# Keep legacy brochure URL working (must be above *.pdf catch-all)
/equipment-guide.pdf   /NineScrolls-Equipment-Guide.pdf   301
# PDF files - serve directly but prevent indexing
*.pdf          /:splat             200

# Common legacy route redirects for SEO
/product       /products           301
/product/      /products           301
/products/ald-system    /products/ald    301
/products/icp-etching   /products/icp-etcher    301
/products/rie-etching   /products/rie-etcher    301
/products/sputtering    /products/sputter    301
/products/pecvd-system  /products/pecvd    301
/products/hdp-cvd-system /products/hdp-cvd    301
/products/ibe-ribe-system /products/ibe-ribe    301
/products/coater-developer-system /products/coater-developer    301
/products/striper-system /products/striper    301
/blog          /insights           301
/blog/         /insights           301
/news          /insights           301
/about-us      /about              301
/contact-us    /contact            301
/enquiry       /contact            301
/quote         /contact            301
/support       /contact            301
/datasheet     /products           301
/datasheets    /products           301
/catalog       /products           301
/equipment     /products           301
/systems       /products           301
/technology    /insights           301
/research      /insights           301
/applications  /insights           301 

# All other unknown paths return 404 (requires public/404.html)
/*                /404.html         404
